[
    {
        "title":"Total number of keywords in C++ is?",
        "choices":[
              20,
              35,
              48,
              17

        ],
        "correctAnswer":3
    },
    {
       "title":"A computer is organized how many logical units?",
        "choices":[
            3,
            4,
            5,
            6

        ],
        "correctAnswer":4
    },
    {
        "title":"What brand of laptop do I have?",
        "choices":[
            "HP",
            "Acer",
            "Dell",
            "Lenovo"
        ],
        "correctAnswer":0
    },
    {
        "title":"When c++ came out?",
        "choices":[
            1996,
            2000,
            1987,
            1993
        ],
        "correctAnswer":3
    },
{
        "title":"How old am I?",
        "choices":[
            12,
            20,
            9,
            16
        ],
        "correctAnswer":3
},
    {
        "title":"When java.js came out?",
        "choices":[
            2010,
            2011,
            2009,
            2006
        ],
        "correctAnswer":2
    },
{
        "title":"List and vector classes is defind in?",
        "choices":[
            "classes",
            "Asertfunction",
            "Dell",
            "Lenovo"
        ],
        "correctAnswer":0
    },


{
        "title":"A non-member function that is given access to all members of a class     within it is declared, is called?",
        "choices":[
            "AccessFunction",
            " FreindFunction ",
            " OperatorFunction ",
            "None"
        ],
        "correctAnswer":2
    },


{
        "title":"Standard error stream referred as",
        "choices":[
            "cout",
            "cin",
            "car",
            "None"
        ],
        "correctAnswer":2
    },


{
        "title":"Break statement is used in",
        "choices":[
            "ForLoop",
            "ForEach",
            "Switch",
            "None"
        ],
        "correctAnswer":3
    },



{
        "title":"Insertion operator is also called",
        "choices":[
            "InputOperator",
            "OutputOperator",
            "NewLineOperator",
            "None"
        ],
        "correctAnswer":2
    }


    
]
